,ticker,name,clean_names
8,aapl,apple inc.,apple
14,abb,abb ltd.,abb
33,accd,accolade inc.,accolade
94,afrm,affirm holdings inc.,affirm
131,aiz,assurant inc.,assurant
150,alg,alamo group inc.,alamo
154,alks,alkermes inc.,alkermes
175,amba,ambarella inc.,ambarella
224,antm,anthem inc.,anthem
230,apa,apache corp.,apache
238,api,agora inc.,agora
291,arry,array technologies inc.,array
297,asan,asana inc.,asana
321,atco,atlas corp.,atlas
411,banr,banner corp.,banner
431,bc,brunswick corp.,brunswick
631,caj,canon inc.,canon
636,calx,calix inc.,calix
652,cat,caterpillar inc.,caterpillar
669,cbt,cabot corp.,cabot
679,ccl,carnival corp.,carnival
750,chma,chiasma inc.,chiasma
758,chwy,chewy inc.,chewy
771,cit,cit group inc.,cit
853,cohr,coherent inc.,coherent
877,cpa,copa holdings sa,copa
887,cprt,copart inc.,copart
897,cr,crane co.,crane
918,crs,carpenter tech. corp.,carpenter
932,csgp,costar group inc.,costar
964,cub,cubic corp.,cubic
968,cuk,carnival plc,carnival
1062,dell,dell technologies inc.,dell
1108,dlx,deluxe corp.,deluxe
1125,door,masonite international corp.,masonite
1127,dov,dover corp.,dover
1177,dxyn,dixie group inc. (the),dixie
1179,dyai,dyadic international inc.,dyadic
1243,eigi,endurance international group holdings inc.,endurance
1277,ensg,ensign group inc. (the),ensign
1386,expr,express inc.,express
1487,flnt,fluent inc.,fluent
1490,flr,fluor corp.,fluor
1523,fosl,fossil inc.,fossil
1568,ftek,fuel tech inc.,fuel
1576,fts,fortis inc.,fortis
1641,gene,genetic technologies ltd.,genetic
1642,geo,geo group inc. (the),geo
1648,gff,griffon corp.,griffon
1657,ghm,graham corp.,graham
1689,glw,corning inc.,corning
1720,gogo,gogo inc.,gogo
1875,hngr,hanger inc.,hanger
1928,hun,huntsman corp.,huntsman
1974,ichr,ichor holdings ltd.,ichor
2044,imgn,immunogen inc.,immunogen
2047,immr,immersion corp.,immersion
2064,ingn,inogen inc.,inogen
2079,intu,intuit corp.,intuit
2275,knl,knoll inc.,knoll
2323,lad,lithia motors inc.,lithia
2351,lea,lear corp.,lear
2394,lmnd,lemonade inc.,lemonade
2527,merc,mercer international inc.,mercer
2529,meso,mesoblast ltd,mesoblast
2556,mhld,maiden holdings ltd.,maiden
2586,mms,maximus inc.,maximus
2605,momo,momo inc.,momo
2608,mos,mosaic co. (the),mosaic
2727,neu,newmarket corp.,newmarket
2762,nls,nautilus group inc.,nautilus
2820,ntrs,northern trust corp.,northern
2832,nvgs,navigator holdings ltd.,navigator
2841,nwe,northwestern corp.,northwestern
2916,opra,opera ltd.,opera
2922,oran,orange,orange
2926,orcl,oracle corp.,oracle
2927,orgo,organogenesis holdings inc.,organogenesis
2988,pbpb,potbelly corp.,potbelly
3024,pen,penumbra inc.,penumbra
3057,pgre,paramount group inc.,paramount
3071,pico,pico holdings inc.,pico
3076,pinc,premier inc.,premier
3108,plxs,plexus corp.,plexus
3118,pntg,pennant group inc. (the),pennant
3127,poww,ammo inc.,ammo
3141,prch,porch group inc.,porch
3146,prg,prog holdings inc.,prog
3158,prog,progenity inc.,progenity
3203,puk,prudential plc,prudential
3248,qtnt,quotient ltd,quotient
3283,rdfn,redfin corp.,redfin
3286,rdn,radian group inc.,radian
3313,resn,resonant inc.,resonant
3317,revg,rev group inc.,rev
3340,rig,transocean ltd.,transocean
3416,rvlv,revolve group inc.,revolve
3419,rvp,retractable technologies inc.,retractable
3427,rwt,redwood trust inc.,redwood
3487,schl,scholastic corp.,scholastic
3546,sgry,surgery partners inc.,surgery
3574,sina,sina corp.,sina
3646,snow,snowflake inc.,snowflake
3655,so,southern co. (the),southern
3720,sq,square inc.,square
3724,sr,spire inc.,spire
3765,step,stepstone group inc.,stepstone
3787,stxs,stereotaxis inc.,stereotaxis
3871,tdw,tidewater inc.,tidewater
3880,tell,tellurian inc.,tellurian
3882,tenb,tenable holdings inc.,tenable
3897,tgi,triumph group inc.,triumph
3961,tpr,tapestry inc.,tapestry
3989,trtn,triton international ltd.,triton
4010,ttc,the toro co.,toro
4014,ttek,tetra tech inc.,tetra
4041,twtr,twitter inc.,twitter
4113,upwk,upwork inc.,upwork
4158,v,visa inc.,visa
4269,vrs,verso corp.,verso
4327,wday,workday inc.,workday
4345,whr,whirlpool corp.,whirlpool
4373,work,slack technologies inc.,slack
4381,wrap,wrap technologies inc.,wrap
4393,wsr,whitestone reit,whitestone
4405,wwd,woodward inc.,woodward
4465,xyl,xylem inc.,xylem
4471,yelp,yelp inc.,yelp
